CATEGORY,QUESTION,ANSWER,LINK
Atheist,What led you to your current worldview?,I'd love to share how my faith has shaped my life. Would you be open to hearing about it?,https://www.gotquestions.org/
Atheist,Do you think there is a purpose to life?,As a Christian, I believe that God has a purpose for our lives. Would you be interested in exploring that idea further?,https://www.gotquestions.org/
Atheist,What do you believe happens after we die?,I believe that after we die, we will be judged by God. Would you like to learn more about what the Bible says about life after death?,https://www.gotquestions.org/
Housewife,What are some of your biggest challenges as a mom?,As a Christian, I believe that prayer can be a powerful tool in parenting. Have you ever tried praying for your children?,https://www.crosswalk.com/
Housewife,How do you find time for yourself?,I find that taking a few minutes to read the Bible each day helps me stay centered. Have you ever tried reading the Bible?,https://www.crosswalk.com/
Housewife,Have you ever faced a difficult decision as a parent?,When faced with a difficult decision, I often seek guidance from God through prayer. Have you ever considered asking God for guidance?,https://www.crosswalk.com/
Office Worker,What do you enjoy most about your job?,As a Christian, I believe that work can be a way to serve God and others. Have you ever thought about how your work can have a greater purpose?,https://www.christianitytoday.com/
Office Worker,What are some of the biggest challenges you face at work?,I find that prayer can be helpful when I'm dealing with work-related stress. Have you ever tried praying when you're feeling overwhelmed at work?,https://www.christianitytoday.com/
Office Worker,How do you balance work and family life?,I try to be intentional about spending quality time with my family outside of work. What are some things you do to make sure you're spending enough time with your loved ones?,https://www.christianitytoday.com/
Agnostic,What are your thoughts on the existence of God?,As a Christian, I believe that God exists and is the creator of the universe. Would you be interested in hearing more about my faith?,https://www.exploregod.com/
Agnostic,Do you think morality is subjective or objective?,I believe that morality is objective and comes from God's nature. What are your thoughts on that?,https://www.exploregod.com/
Agnostic,What do you think is the purpose of life?,I believe that the purpose of life is to know and love God. Would you like to hear more about how that has impacted my life?,https://www.exploregod.com/
Muslim,What do you believe about Jesus?,As a Christian, I believe that Jesus is the son of God who came to save us. Would you like to hear more about what the Bible says about Jesus?,https://www.christianity.com/
Muslim,How do you practice your faith in daily life?,I find that prayer is an important part of my daily life as a Christian. What role does prayer play in your daily life as a Muslim?,https://www.christianity.com/
Muslim,What are some of the biggest misconceptions people have about Islam?,I think there are many misconceptions about Islam in the media. What do you think are some of the biggest misconceptions, and how do you respond to them?,https://www.christianity.com/
Mormon,What led you to become a member of the LDS church?,I'd love to share with you how my Christian faith has shaped my life. Would you be open to hearing about it?,https://www.gotquestions.org/
Mormon,How do you view the Bible?,As a Christian, I believe that the Bible is the inspired word of God. What role does the Bible play in your faith as a Mormon?,https://www.gotquestions.org/
Mormon,What are some of the biggest misconceptions people have about the LDS church?,I think there are many misconceptions about the LDS church. What do you think are some of the biggest misconceptions, and how do you respond to them?,https://www.churchofjesuschrist.org/
Jewish,What led you to become a follower of Judaism?,I'd love to hear more about your faith journey. What drew you to Judaism?,https://www.myjewishlearning.com/
Jewish,What role does the Torah play in your faith?,As a Christian, I believe that the Bible is the inspired word of God. What role does the Torah play in your faith as a Jew?,https://www.chabad.org/
Jewish,What are some of the biggest misconceptions people have about Judaism?,I think there are many misconceptions about Judaism. What do you think are some of the biggest misconceptions, and how do you respond to them?,https://www.aish.com/
Buddhist,What led you to become a Buddhist?,I'd love to hear more about your faith journey. What drew you to Buddhism?,https://www.lionsroar.com/
Buddhist,How do you practice mindfulness in your daily life?,As a Christian, I find that mindfulness can be a helpful way to stay present and focused on God's presence. How do you practice mindfulness as a Buddhist?,https://www.mindful.org/
Buddhist,What are some of the biggest misconceptions people have about Buddhism?,I think there are many misconceptions about Buddhism. What do you think are some of the biggest misconceptions, and how do you respond to them?,https://www.buddhanet.net/
